name,year,total_population,white_alone,black_alone,asian_alone,two_or_more_races,hispanic_latino,german,irish,english,mexican,indian,chinese,vietnamese,french,italian,korean,place_fips,county,city
"Dallas city, Texas",2009,1269204,713898,291510,32264,21161,537501,711,189,5473,17316,64813,42,563,423,56,11030,19000,Dallas,Dallas city
"Dallas city, Texas",2010,1187285,645420,292577,33029,20778,493817,571,180,4910,15251,57324,35,761,444,64,10063,19000,Dallas,Dallas city
"Dallas city, Texas",2011,1196258,658119,293675,33330,22605,501663,619,119,4769,14351,55668,25,857,512,56,9974,19000,Dallas,Dallas city
"Dallas city, Texas",2012,1207202,673957,296816,34791,24429,507405,697,97,4644,13927,56291,0,676,383,111,9673,19000,Dallas,Dallas city
"Dallas city, Texas",2013,1222167,686694,299642,36540,26404,512077,650,130,4610,14293,55087,0,770,365,70,9901,19000,Dallas,Dallas city
"Dallas city, Texas",2014,1240985,721816,304903,37261,27053,517901,674,145,4716,14832,54946,16,1080,310,85,10178,19000,Dallas,Dallas city
"Dallas city, Texas",2015,1260688,756302,307335,38392,28988,526022,593,156,5147,14803,54924,15,1019,304,88,10462,19000,Dallas,Dallas city
"Dallas city, Texas",2016,1278433,779792,313906,41795,31637,530277,582,166,5490,15132,53832,33,1255,233,84,10955,19000,Dallas,Dallas city
"Dallas city, Texas",2017,1300122,802952,316191,43683,33696,541665,564,179,5818,15262,53139,32,1801,333,42,10894,19000,Dallas,Dallas city
"Dallas city, Texas",2018,1318806,824648,319834,44521,32924,550394,675,200,6959,14804,52880,34,1608,404,61,10650,19000,Dallas,Dallas city
"Dallas city, Texas",2019,1330612,833795,323051,45170,32195,556296,774,177,7630,14917,52585,20,1850,453,47,10864,19000,Dallas,Dallas city
"Dallas city, Texas",2020,1338846,773172,325324,48320,85333,555405,699,162,6873,14244,55209,18,2141,377,48,11358,19000,Dallas,Dallas city
"Dallas city, Texas",2021,1300239,699417,312696,45584,120895,545846,550,100,6080,13850,54298,6,2336,434,53,10745,19000,Dallas,Dallas city
"Dallas city, Texas",2022,1300642,626150,307086,47544,169819,551447,484,120,6397,13891,56280,6,2242,503,58,10884,19000,Dallas,Dallas city
"Fort Worth city, Texas",2009,679077,428357,121972,22999,12864,224835,292,47,1841,12271,50139,0,468,234,52,6615,27000,Tarrant,Fort Worth city
"Fort Worth city, Texas",2010,705349,441881,131310,24323,14170,233999,288,39,1934,12780,52236,0,560,219,55,7162,27000,Tarrant,Fort Worth city
"Fort Worth city, Texas",2011,724699,464234,136653,25591,15680,243676,306,29,2111,13036,53365,0,595,175,39,7151,27000,Tarrant,Fort Worth city
"Fort Worth city, Texas",2012,743865,484721,139743,27377,17039,252656,455,28,2092,12385,53165,31,621,257,36,7517,27000,Tarrant,Fort Worth city
"Fort Worth city, Texas",2013,761092,491352,144592,26641,19699,260349,502,32,3111,12344,54753,50,797,342,46,7728,27000,Tarrant,Fort Worth city
"Fort Worth city, Texas",2014,778573,508894,147471,28984,22403,266472,487,62,3450,12990,56096,55,869,442,29,7738,27000,Tarrant,Fort Worth city
"Fort Worth city, Texas",2015,796614,525736,150549,30883,24504,273582,494,57,3607,12985,56396,59,726,498,26,8319,27000,Tarrant,Fort Worth city
"Fort Worth city, Texas",2016,815930,531736,156413,31328,26804,278125,474,65,3854,12076,56050,58,955,585,57,7662,27000,Tarrant,Fort Worth city
"Fort Worth city, Texas",2017,835129,537562,156610,32541,28523,290354,301,77,4397,12345,56680,29,1005,583,126,8006,27000,Tarrant,Fort Worth city
"Fort Worth city, Texas",2018,855786,548241,162436,35684,28580,299625,284,69,4647,12834,55292,0,1016,519,80,7531,27000,Tarrant,Fort Worth city
"Fort Worth city, Texas",2019,874401,557509,165302,39888,27906,306888,333,25,5450,12426,52224,0,962,290,68,7852,27000,Tarrant,Fort Worth city
"Fort Worth city, Texas",2020,892221,535854,165406,43134,54143,313077,490,105,5094,12832,56768,18,965,291,77,8646,27000,Tarrant,Fort Worth city
"Fort Worth city, Texas",2021,908469,507373,170378,44190,78251,320504,558,120,5380,13589,55372,15,847,170,121,8757,27000,Tarrant,Fort Worth city
"Fort Worth city, Texas",2022,924663,479402,177635,45247,114894,325185,696,118,5247,13745,56107,16,1269,39,13,7969,27000,Tarrant,Fort Worth city
"Arlington city, Texas",2009,370217,231718,64523,24092,8706,95714,192,18,1683,7172,32249,10,466,71,23,4550,4000,Tarrant,Arlington city
"Arlington city, Texas",2010,359410,224400,67797,24887,8460,95452,190,20,1509,6592,30767,10,447,106,20,3822,4000,Tarrant,Arlington city
"Arlington city, Texas",2011,363933,229905,68688,26839,8624,101189,218,20,1418,5806,31446,11,400,84,19,4063,4000,Tarrant,Arlington city
"Arlington city, Texas",2012,367154,236331,70899,26481,7906,102821,213,31,1323,5296,31912,11,546,73,11,3879,4000,Tarrant,Arlington city
"Arlington city, Texas",2013,371267,242501,72139,26868,8780,104724,184,31,1549,5183,30346,0,630,73,0,3674,4000,Tarrant,Arlington city
"Arlington city, Texas",2014,375305,247879,74303,26430,9912,107603,112,39,1769,5460,29160,0,186,83,0,3767,4000,Tarrant,Arlington city
"Arlington city, Texas",2015,379716,248323,76783,27912,10276,108482,124,17,1607,5531,28030,0,263,38,39,3516,4000,Tarrant,Arlington city
"Arlington city, Texas",2016,383899,249563,79719,26620,10695,110039,119,11,1884,5707,26785,0,302,50,46,2973,4000,Tarrant,Arlington city
"Arlington city, Texas",2017,388225,244490,85023,26689,11948,112283,124,8,2033,5916,25288,0,287,77,50,2923,4000,Tarrant,Arlington city
"Arlington city, Texas",2018,392462,241278,88136,27048,12132,114595,166,46,2202,6038,23249,0,361,63,55,2612,4000,Tarrant,Arlington city
"Arlington city, Texas",2019,395477,236973,89957,25916,12463,116902,214,36,2408,6044,22246,10,343,71,38,3233,4000,Tarrant,Arlington city
"Arlington city, Texas",2020,397269,222771,90957,26287,23726,116070,238,30,2594,5740,22067,9,373,61,9,2751,4000,Tarrant,Arlington city
"Arlington city, Texas",2021,392304,203741,89682,26192,36378,117458,258,33,2447,5586,21672,9,421,136,7,3017,4000,Tarrant,Arlington city
"Arlington city, Texas",2022,393469,184657,89659,28531,53802,117877,264,33,2413,5288,21791,10,429,201,9,2731,4000,Tarrant,Arlington city
"Plano city, Texas",2009,261902,194447,16104,39043,4053,36339,381,19,1770,6948,28474,13,219,131,71,4825,58016,Collin,Plano city
"Plano city, Texas",2010,256099,184286,17585,41541,4738,38269,413,20,1431,6560,26087,8,276,80,51,4677,58016,Collin,Plano city
"Plano city, Texas",2011,260197,185948,17586,43566,5939,37937,383,32,1637,6299,25737,44,180,81,76,4579,58016,Collin,Plano city
"Plano city, Texas",2012,263122,184632,18712,46916,7113,39562,275,33,1717,5766,24475,36,189,82,76,4312,58016,Collin,Plano city
"Plano city, Texas",2013,266740,186058,18875,48465,7304,38818,326,10,1725,5849,23206,32,230,76,92,4844,58016,Collin,Plano city
"Plano city, Texas",2014,271166,186698,20308,49298,8284,39823,292,38,1702,5452,23330,41,252,185,22,4899,58016,Collin,Plano city
"Plano city, Texas",2015,275645,187575,21750,52721,7616,39278,252,66,1644,5358,22575,39,330,184,20,5321,58016,Collin,Plano city
"Plano city, Texas",2016,279088,189114,22350,53335,8134,41249,207,71,1758,6398,21455,0,277,191,32,5632,58016,Collin,Plano city
"Plano city, Texas",2017,281566,188719,23353,54597,8239,40907,263,69,2027,6657,20488,0,310,333,38,6056,58016,Collin,Plano city
"Plano city, Texas",2018,284579,186789,23858,58044,8624,43310,208,120,2241,6716,20309,0,398,269,64,5351,58016,Collin,Plano city
"Plano city, Texas",2019,287064,186992,24612,60851,8085,43098,266,110,2564,6218,19675,0,442,67,38,5466,58016,Collin,Plano city
"Plano city, Texas",2020,288870,178335,24961,62887,16291,43289,254,136,2322,5838,20035,0,323,62,34,5526,58016,Collin,Plano city
"Plano city, Texas",2021,282181,165606,24292,62879,20441,44480,264,128,2088,5187,19067,0,315,54,18,4665,58016,Collin,Plano city
"Plano city, Texas",2022,284948,158292,25697,64625,26206,44397,176,156,1794,5294,19470,44,290,91,18,4120,58016,Collin,Plano city
"Garland city, Texas",2009,217317,112283,29420,20994,8718,80542,124,0,531,2837,15373,0,398,33,0,1815,29000,Dallas,Garland city
"Garland city, Texas",2010,222962,111654,31554,21871,9989,80254,100,0,491,2498,15483,0,445,103,0,1947,29000,Dallas,Garland city
"Garland city, Texas",2011,225424,107894,32415,21188,12463,84591,104,17,454,2717,15232,0,344,87,0,2172,29000,Dallas,Garland city
"Garland city, Texas",2012,227641,104515,30488,23074,14134,88642,101,19,451,2773,14862,0,230,93,0,1859,29000,Dallas,Garland city
"Garland city, Texas",2013,230177,103574,31007,23956,14555,90288,36,22,507,2660,14196,0,339,86,0,1798,29000,Dallas,Garland city
"Garland city, Texas",2014,232305,110112,30484,24943,13645,93052,29,28,611,2639,13870,0,116,91,0,1664,29000,Dallas,Garland city
"Garland city, Texas",2015,234213,120080,30518,24634,12745,96233,57,26,693,2590,14408,0,191,40,0,1699,29000,Dallas,Garland city
"Garland city, Texas",2016,234810,130743,32283,24935,10929,97353,40,13,700,2578,13146,0,218,32,0,1313,29000,Dallas,Garland city
"Garland city, Texas",2017,235965,141135,32251,25866,9294,97399,62,13,841,2566,13608,0,283,30,0,1355,29000,Dallas,Garland city
"Garland city, Texas",2018,237982,152039,33305,26453,8414,101885,74,15,818,2334,13587,0,242,37,0,1286,29000,Dallas,Garland city
"Garland city, Texas",2019,238418,152217,35482,26690,8271,101217,168,0,1042,2305,12656,0,293,73,0,1316,29000,Dallas,Garland city
"Garland city, Texas",2020,238622,139076,33949,26329,22185,105717,130,0,865,2338,11994,0,222,85,0,1177,29000,Dallas,Garland city
"Garland city, Texas",2021,245075,125999,36838,26652,36455,105721,164,0,788,2151,12426,0,228,96,22,1293,29000,Dallas,Garland city
"Garland city, Texas",2022,244026,107362,38113,26571,50475,108506,144,0,767,2004,11182,0,315,78,22,1307,29000,Dallas,Garland city
"Irving city, Texas",2009,197830,125528,21153,23248,3750,80079,309,9,676,2450,13479,0,104,64,37,1423,37000,Dallas,Irving city
"Irving city, Texas",2010,210025,128276,24998,27581,4093,85171,373,0,628,2531,13068,0,122,57,25,1331,37000,Dallas,Irving city
"Irving city, Texas",2011,213400,125792,25772,30336,4821,86065,258,0,613,2294,11880,0,151,69,22,1473,37000,Dallas,Irving city
"Irving city, Texas",2012,217021,125434,26271,31469,5220,89400,276,13,611,2215,12373,0,234,14,20,1404,37000,Dallas,Irving city
"Irving city, Texas",2013,220856,128569,28773,32094,5683,89561,233,14,719,2009,12323,0,342,12,0,1230,37000,Dallas,Irving city
"Irving city, Texas",2014,224859,129835,28687,34309,6106,93745,130,17,755,2064,11690,0,413,12,0,1378,37000,Dallas,Irving city
"Irving city, Texas",2015,228776,126273,29209,38783,6037,93332,125,29,694,2027,10826,0,429,29,0,1673,37000,Dallas,Irving city
"Irving city, Texas",2016,232013,123967,30114,40064,6859,95794,125,28,644,2091,10991,0,390,20,0,1473,37000,Dallas,Irving city
"Irving city, Texas",2017,235648,125943,31446,42151,6995,99254,143,23,519,2208,9673,0,335,26,0,1586,37000,Dallas,Irving city
"Irving city, Texas",2018,238637,122339,31477,44244,6779,103091,143,29,625,2306,8754,0,347,37,0,1642,37000,Dallas,Irving city
"Irving city, Texas",2019,239783,114782,34157,47123,6623,101399,161,13,655,2102,7734,0,314,28,0,1561,37000,Dallas,Irving city
"Irving city, Texas",2020,240475,104617,33473,49277,16659,103776,322,0,539,2026,7661,0,242,11,0,1415,37000,Dallas,Irving city
"Irving city, Texas",2021,254184,103009,34506,54596,23467,109851,310,0,574,1957,7501,0,266,5,0,1326,37000,Dallas,Irving city
"Irving city, Texas",2022,254962,95737,33687,56750,28508,110121,266,0,650,2032,7628,0,254,3,0,1315,37000,Dallas,Irving city
"Grapevine city, Texas",2009,49249,42908,1259,1664,980,7469,110,0,371,1417,6097,0,15,0,0,1258,30644,Dallas,Grapevine city
"Grapevine city, Texas",2010,45548,39203,903,1876,1178,7155,83,24,310,1383,5730,0,9,0,0,1069,30644,Dallas,Grapevine city
"Grapevine city, Texas",2011,46152,39406,914,2005,1033,7106,107,29,312,1528,5933,0,67,0,0,877,30644,Dallas,Grapevine city
"Grapevine city, Texas",2012,46756,39473,730,1881,1254,9051,147,32,380,1407,5928,0,50,6,0,986,30644,Dallas,Grapevine city
"Grapevine city, Texas",2013,47688,39634,778,2294,1485,9516,81,35,358,1460,5948,0,36,6,23,896,30644,Dallas,Grapevine city
"Grapevine city, Texas",2014,48671,40763,937,2012,1556,9535,76,39,528,1349,6169,0,61,6,20,1003,30644,Dallas,Grapevine city
"Grapevine city, Texas",2015,49609,40614,1865,2019,1571,10945,54,0,407,1201,6056,0,56,67,14,965,30644,Dallas,Grapevine city
"Grapevine city, Texas",2016,50538,40635,1931,2880,1764,11453,52,0,468,1142,5799,0,22,72,8,911,30644,Dallas,Grapevine city
"Grapevine city, Texas",2017,51733,40954,2193,3766,1699,11040,58,0,520,978,5711,0,18,42,6,932,30644,Dallas,Grapevine city
"Grapevine city, Texas",2018,52486,41917,2488,3139,1784,12037,64,0,658,1311,6041,0,20,73,0,1075,30644,Dallas,Grapevine city
"Grapevine city, Texas",2019,53317,42157,2838,3626,1687,11506,74,0,569,1355,5978,0,0,46,0,998,30644,Dallas,Grapevine city
"Grapevine city, Texas",2020,54151,41119,3186,3538,3125,12148,321,0,692,1884,5544,0,0,8,0,1109,30644,Dallas,Grapevine city
"Grapevine city, Texas",2021,50548,37431,3260,3560,3931,9917,283,0,655,1951,5282,0,127,0,0,1038,30644,Dallas,Grapevine city
"Grapevine city, Texas",2022,50763,36977,3265,3444,4812,9917,332,0,504,2022,4753,0,151,13,0,1163,30644,Dallas,Grapevine city
"McKinney city, Texas",2009,113606,91223,11933,3707,2411,20070,140,36,605,2967,12725,0,127,104,15,2280,45744,Collin,McKinney city
"McKinney city, Texas",2010,118652,95812,12930,3883,2491,20531,199,18,593,3607,12923,0,169,98,22,2491,45744,Collin,McKinney city
"McKinney city, Texas",2011,125098,100092,13038,5940,2362,23655,184,11,640,3461,13372,0,101,123,19,2314,45744,Collin,McKinney city
"McKinney city, Texas",2012,131882,105580,14000,6619,2535,24667,169,28,657,3863,14311,0,52,114,16,1897,45744,Collin,McKinney city
"McKinney city, Texas",2013,137643,109805,15612,6380,2966,26947,145,48,608,3748,14551,0,111,42,16,1758,45744,Collin,McKinney city
"McKinney city, Texas",2014,144066,114491,16527,6785,3395,27862,95,23,704,3856,15619,0,140,49,0,1655,45744,Collin,McKinney city
"McKinney city, Texas",2015,150064,118745,17054,7389,3458,28868,57,24,771,3520,16703,0,94,0,0,1752,45744,Collin,McKinney city
"McKinney city, Texas",2016,156821,123162,17689,8347,4142,29781,62,24,1097,4059,17520,0,128,0,0,2086,45744,Collin,McKinney city
"McKinney city, Texas",2017,164760,127353,18962,10177,4314,30281,106,21,1045,3946,17176,0,106,12,9,2590,45744,Collin,McKinney city
"McKinney city, Texas",2018,173460,132370,20049,11646,4965,31095,149,0,1404,4193,16648,0,93,34,10,3194,45744,Collin,McKinney city
"McKinney city, Texas",2019,182055,135851,21611,15339,5248,32001,219,26,1542,4040,14464,0,137,33,11,3085,45744,Collin,McKinney city
"McKinney city, Texas",2020,191197,136736,21318,17763,11443,34238,212,25,1661,4274,14548,0,144,29,10,3038,45744,Collin,McKinney city
"McKinney city, Texas",2021,189394,127336,22513,20343,14721,31946,260,29,1449,3788,13339,0,153,47,25,2980,45744,Collin,McKinney city
"McKinney city, Texas",2022,196160,126396,22921,23461,18150,33759,218,24,1491,3385,13191,0,136,96,19,2692,45744,Collin,McKinney city
"Mesquite city, Texas",2009,130751,90188,22772,4704,2212,36399,11,0,223,1556,7993,0,140,27,0,849,47892,Dallas,Mesquite city
"Mesquite city, Texas",2010,135921,87009,30273,5053,2842,37747,9,0,212,1372,7347,0,128,6,0,839,47892,Dallas,Mesquite city
"Mesquite city, Texas",2011,137966,91053,29331,4944,3156,41008,28,0,170,1475,7691,0,111,22,0,780,47892,Dallas,Mesquite city
"Mesquite city, Texas",2012,139615,90839,31824,4452,3405,44697,30,0,157,1298,7051,0,167,11,0,820,47892,Dallas,Mesquite city
"Mesquite city, Texas",2013,141201,92869,32604,4640,3342,47559,93,0,228,1203,7316,0,154,23,0,825,47892,Dallas,Mesquite city
"Mesquite city, Texas",2014,142552,94241,33766,4524,4026,49120,97,0,248,1215,7722,0,119,27,0,727,47892,Dallas,Mesquite city
"Mesquite city, Texas",2015,143584,94777,34032,4489,3866,52136,88,0,307,1384,7863,0,210,27,0,511,47892,Dallas,Mesquite city
"Mesquite city, Texas",2016,143771,94420,35385,4150,3802,54827,79,0,272,1245,7202,0,315,42,0,499,47892,Dallas,Mesquite city
"Mesquite city, Texas",2017,144118,93532,36091,4021,4548,56118,83,0,414,1405,7383,0,349,55,0,467,47892,Dallas,Mesquite city
"Mesquite city, Texas",2018,144250,91595,37489,4231,4937,58256,65,0,315,1310,6502,0,394,35,0,532,47892,Dallas,Mesquite city
"Mesquite city, Texas",2019,143456,90105,37335,4014,4856,59875,62,0,451,1394,6126,0,332,38,0,461,47892,Dallas,Mesquite city
"Mesquite city, Texas",2020,142429,79687,36012,4303,11524,60615,44,0,466,889,6076,0,191,33,0,508,47892,Dallas,Mesquite city
"Mesquite city, Texas",2021,149848,76796,35316,4164,18966,67458,29,0,519,937,6199,0,204,22,0,391,47892,Dallas,Mesquite city
"Mesquite city, Texas",2022,149439,68214,37169,3719,23354,66667,34,0,572,835,5760,0,142,27,0,401,47892,Dallas,Mesquite city
"Carrollton city, Texas",2009,123620,90318,8766,14908,2373,34797,198,38,639,2301,12337,0,110,83,0,1932,13024,Dallas,Carrollton city
"Carrollton city, Texas",2010,117712,83507,10477,15301,2631,32858,192,32,638,2024,10522,0,176,49,0,1718,13024,Dallas,Carrollton city
"Carrollton city, Texas",2011,119104,83878,10515,15482,3155,34701,137,44,599,2248,9878,0,124,26,0,1385,13024,Dallas,Carrollton city
"Carrollton city, Texas",2012,120727,85529,10836,15396,3689,35783,160,12,427,2319,10481,0,115,27,0,1536,13024,Dallas,Carrollton city
"Carrollton city, Texas",2013,122613,83557,11512,17186,3771,38176,184,9,429,2540,9374,0,190,19,0,1234,13024,Dallas,Carrollton city
"Carrollton city, Texas",2014,124501,85696,11267,17348,3537,40314,185,16,479,2345,9099,0,109,15,0,1202,13024,Dallas,Carrollton city
"Carrollton city, Texas",2015,127279,88698,10410,18309,3421,41498,194,19,477,2289,8962,0,71,12,0,1396,13024,Dallas,Carrollton city
"Carrollton city, Texas",2016,129266,89294,10845,19235,3372,41655,142,18,493,2175,8524,0,95,12,0,1592,13024,Dallas,Carrollton city
"Carrollton city, Texas",2017,131240,90912,12183,19031,3141,43912,123,17,457,2030,7749,0,106,15,0,1314,13024,Dallas,Carrollton city
"Carrollton city, Texas",2018,133438,93472,13304,19190,3155,44077,100,7,974,2048,7257,0,89,16,0,1414,13024,Dallas,Carrollton city
"Carrollton city, Texas",2019,135834,93724,13716,20504,3512,44413,107,20,1275,2111,7540,0,109,13,0,1412,13024,Dallas,Carrollton city
"Carrollton city, Texas",2020,137319,88903,13719,20804,8805,44654,100,24,1615,2084,8382,0,97,13,0,1241,13024,Dallas,Carrollton city
"Carrollton city, Texas",2021,131388,81181,12886,20129,11625,43116,89,34,1574,1992,7853,0,74,15,0,1253,13024,Dallas,Carrollton city
"Carrollton city, Texas",2022,132284,75800,13235,20473,15813,42191,64,51,1492,2396,8276,0,86,12,0,1511,13024,Dallas,Carrollton city
"Frisco city, Texas",2009,87712,71119,5251,6610,2094,11641,27,0,787,2187,10944,0,86,0,0,2367,27684,Collin,Frisco city
"Frisco city, Texas",2010,103158,80593,7020,9624,3147,12983,29,0,735,2447,11865,0,128,0,0,2782,27684,Collin,Frisco city
"Frisco city, Texas",2011,110013,85148,8488,10093,3752,13956,34,104,698,2675,12078,0,96,0,0,2463,27684,Collin,Frisco city
"Frisco city, Texas",2012,116944,89910,8731,10887,4644,14812,123,133,649,2847,12818,0,129,10,0,2823,27684,Collin,Frisco city
"Frisco city, Texas",2013,123663,94916,8800,12746,4716,15535,134,118,637,3022,14048,8,137,29,0,2687,27684,Collin,Frisco city
"Frisco city, Texas",2014,130499,96735,9863,15275,5129,17125,164,172,684,2946,13846,7,139,45,10,2682,27684,Collin,Frisco city
"Frisco city, Texas",2015,137797,99705,9876,18937,5013,17361,198,144,817,2852,14710,50,105,69,11,2949,27684,Collin,Frisco city
"Frisco city, Texas",2016,145646,103681,11025,22140,4803,17324,167,42,898,3145,15511,47,125,92,14,3269,27684,Collin,Frisco city
"Frisco city, Texas",2017,155363,107822,11503,26173,5656,19327,120,19,1205,3228,15093,43,43,86,13,2946,27684,Collin,Frisco city
"Frisco city, Texas",2018,165700,111424,13045,31197,5944,18302,129,12,1391,3324,14457,33,88,81,18,3170,27684,Collin,Frisco city
"Frisco city, Texas",2019,177020,115701,13979,37061,6099,20285,134,0,1479,3463,14076,29,102,108,9,2966,27684,Collin,Frisco city
"Frisco city, Texas",2020,188387,116282,15428,42198,9039,23026,142,0,2319,3675,15842,136,62,96,11,4488,27684,Collin,Frisco city
"Frisco city, Texas",2021,193140,110815,16247,46682,13683,24529,128,0,2273,4062,14816,285,70,126,17,4047,27684,Collin,Frisco city
"Frisco city, Texas",2022,202075,108370,18651,51471,17384,25605,129,0,1939,4090,15287,297,209,225,39,4461,27684,Collin,Frisco city
"Denton city, Texas",2009,114933,88053,11442,3621,5636,22212,80,17,660,2613,13435,51,112,93,0,1607,19972,Denton,Denton city
"Denton city, Texas",2010,109192,82236,11745,3924,5859,22038,101,0,668,2815,12133,35,197,85,0,1623,19972,Denton,Denton city
"Denton city, Texas",2011,111960,82707,13047,4200,6523,24051,124,11,657,2592,12205,37,194,75,0,1477,19972,Denton,Denton city
"Denton city, Texas",2012,115098,84912,13445,4750,6517,24723,200,9,592,2495,12546,0,147,57,0,1584,19972,Denton,Denton city
"Denton city, Texas",2013,117895,89345,13731,4941,5964,25550,220,8,633,2944,12045,0,147,49,0,1502,19972,Denton,Denton city
"Denton city, Texas",2014,122742,94513,13404,5357,5415,27302,246,8,845,2987,12346,0,55,52,0,1629,19972,Denton,Denton city
"Denton city, Texas",2015,125734,98615,13353,4977,4746,28514,204,16,997,2885,13282,0,6,11,0,1459,19972,Denton,Denton city
"Denton city, Texas",2016,128421,101872,12964,5015,4303,30049,245,29,954,3037,13085,0,19,56,0,1706,19972,Denton,Denton city
"Denton city, Texas",2017,131097,104006,12577,5519,4171,31571,270,26,1110,3129,12070,0,21,43,0,2025,19972,Denton,Denton city
"Denton city, Texas",2018,133661,106140,12551,5581,4341,32009,282,26,1461,3343,11903,0,12,52,0,2154,19972,Denton,Denton city
"Denton city, Texas",2019,136195,107212,13052,5736,4980,33385,263,28,1476,3099,11812,0,51,57,0,2130,19972,Denton,Denton city
"Denton city, Texas",2020,139734,103400,14073,5593,10483,35097,300,21,1188,3320,10414,0,43,50,0,2214,19972,Denton,Denton city
"Denton city, Texas",2021,139704,98832,16065,5837,12231,32627,231,43,1073,3199,11599,0,40,59,0,1901,19972,Denton,Denton city
"Denton city, Texas",2022,142262,96497,16335,4969,15843,34337,349,62,1042,3357,12602,0,93,59,0,2176,19972,Denton,Denton city
"Richardson city, Texas",2009,100045,74445,6584,13061,2050,16841,134,0,650,2704,8612,13,22,25,26,1315,61796,Dallas,Richardson city
"Richardson city, Texas",2010,97507,68666,8040,14917,2013,14785,90,0,494,2425,7630,10,30,28,11,1217,61796,Dallas,Richardson city
"Richardson city, Texas",2011,98710,68085,7086,15584,2037,16814,91,0,447,2054,7479,9,14,83,8,1201,61796,Dallas,Richardson city
"Richardson city, Texas",2012,100057,68698,7116,14992,2533,16684,81,0,527,2029,7609,9,9,76,9,1238,61796,Dallas,Richardson city
"Richardson city, Texas",2013,101528,67987,8055,15300,3575,16955,98,0,437,2051,7405,11,19,85,9,1362,61796,Dallas,Richardson city
"Richardson city, Texas",2014,103752,69177,8646,16002,3920,17242,172,12,452,2223,7706,10,20,128,19,1401,61796,Dallas,Richardson city
"Richardson city, Texas",2015,106123,71113,9246,16710,3851,19017,149,12,551,2202,8013,24,83,172,26,1630,61796,Dallas,Richardson city
"Richardson city, Texas",2016,108350,72676,11164,17268,4109,17875,134,12,659,2565,8204,25,121,133,25,1837,61796,Dallas,Richardson city
"Richardson city, Texas",2017,111055,74712,11592,17692,4218,18527,104,25,750,2570,8587,32,125,131,28,1934,61796,Dallas,Richardson city
"Richardson city, Texas",2018,114402,77136,10949,18754,3607,19582,120,25,891,2743,9131,105,110,111,49,2027,61796,Dallas,Richardson city
"Richardson city, Texas",2019,116432,77821,12515,18384,3593,20773,116,9,1016,2550,9008,79,170,91,27,1713,61796,Dallas,Richardson city
"Richardson city, Texas",2020,118583,76779,14149,17158,5708,20472,154,17,931,2269,9030,150,189,149,15,1819,61796,Dallas,Richardson city
"Richardson city, Texas",2021,115904,72884,13131,16878,6863,21113,223,15,713,2170,8724,140,349,0,14,1253,61796,Dallas,Richardson city
"Richardson city, Texas",2022,118063,69662,14829,18272,8794,20240,169,18,678,2135,8669,66,276,0,13,1399,61796,Dallas,Richardson city
"Lewisville city, Texas",2009,98519,70748,9467,6425,6466,25049,11,0,445,1810,10318,24,105,69,0,1497,42508,Denton,Lewisville city
"Lewisville city, Texas",2010,92939,65266,9797,6689,5657,24883,8,0,292,1856,9114,34,17,55,0,1305,42508,Denton,Lewisville city
"Lewisville city, Texas",2011,94703,68212,8977,7014,5595,27474,8,0,287,2022,9865,11,37,54,0,1031,42508,Denton,Lewisville city
"Lewisville city, Texas",2012,95989,67444,9168,7569,6340,29098,15,0,372,1875,8880,9,21,51,19,915,42508,Denton,Lewisville city
"Lewisville city, Texas",2013,97462,71204,9295,7794,5938,29272,21,0,440,1943,9426,14,23,0,36,932,42508,Denton,Lewisville city
"Lewisville city, Texas",2014,99039,73778,8875,7777,4922,29951,20,6,469,2121,9439,0,0,40,40,1101,42508,Denton,Lewisville city
"Lewisville city, Texas",2015,101151,72100,10904,9141,4863,30905,19,6,471,2036,8759,0,0,62,48,890,42508,Denton,Lewisville city
"Lewisville city, Texas",2016,102327,70125,12448,9253,4868,31444,30,7,454,1855,7971,0,0,81,37,946,42508,Denton,Lewisville city
"Lewisville city, Texas",2017,103638,70222,13340,9400,4267,32859,32,9,571,1925,7488,0,19,73,19,1020,42508,Denton,Lewisville city
"Lewisville city, Texas",2018,104789,70285,13235,10255,4492,33368,67,9,780,1664,7382,0,32,83,5,1118,42508,Denton,Lewisville city
"Lewisville city, Texas",2019,106386,69490,14518,11016,4429,33498,68,7,857,1476,7017,0,36,62,8,1148,42508,Denton,Lewisville city
"Lewisville city, Texas",2020,107740,67977,13966,11436,8418,34581,56,8,747,1453,6655,0,140,22,6,1454,42508,Denton,Lewisville city
"Lewisville city, Texas",2021,110077,63996,15319,12292,11876,34834,48,8,694,1563,6845,0,150,11,0,1396,42508,Denton,Lewisville city
"Lewisville city, Texas",2022,125028,67626,15791,17409,15764,35636,34,8,811,1799,8303,0,252,12,0,1655,42508,Denton,Lewisville city
"Allen city, Texas",2009,77072,58134,6357,8173,2589,8160,37,0,675,2309,8996,0,57,73,0,1770,1924,Collin,Allen city
"Allen city, Texas",2010,77843,57128,7157,9449,2170,8501,39,8,537,2226,8695,0,62,69,0,1792,1924,Collin,Allen city
"Allen city, Texas",2011,81326,59290,7163,10106,3006,8699,14,14,394,2535,9212,0,36,0,0,1670,1924,Collin,Allen city
"Allen city, Texas",2012,84387,61625,7484,10181,2947,8602,51,16,332,2469,9413,0,79,13,0,1804,1924,Collin,Allen city
"Allen city, Texas",2013,87213,62950,8504,10432,3073,9791,63,14,460,2070,9196,0,49,13,34,1733,1924,Collin,Allen city
"Allen city, Texas",2014,89845,65442,7226,12000,3085,9692,68,15,524,1869,8974,0,53,24,16,1949,1924,Collin,Allen city
"Allen city, Texas",2015,92502,66089,8090,12956,3218,10229,78,0,667,2253,9317,0,119,25,27,1887,1924,Collin,Allen city
"Allen city, Texas",2016,94710,66822,9268,13457,3246,10018,86,0,729,1996,9155,0,158,54,39,1998,1924,Collin,Allen city
"Allen city, Texas",2017,96865,67294,8697,15710,3388,10529,29,0,917,2156,9466,0,92,38,31,1710,1924,Collin,Allen city
"Allen city, Texas",2018,99255,68113,9368,17171,3008,10405,43,0,797,2134,9593,0,125,22,13,1650,1924,Collin,Allen city
"Allen city, Texas",2019,101699,69257,9517,18157,3048,11059,94,0,883,2261,9376,0,129,38,17,1796,1924,Collin,Allen city
"Allen city, Texas",2020,104040,66124,10822,18533,6600,11214,76,0,919,1883,8972,0,149,43,0,2029,1924,Collin,Allen city
"Allen city, Texas",2021,102778,63108,9827,19755,7284,11562,58,0,776,1542,8198,0,76,262,0,1984,1924,Collin,Allen city
"Allen city, Texas",2022,105444,60533,12108,20063,9596,12516,75,0,736,1523,7776,0,140,171,0,1760,1924,Collin,Allen city
"Flower Mound town, Texas",2009,67678,59049,2113,3780,1470,5007,146,80,734,2162,9126,0,17,0,0,2078,26232,Denton,Flower Mound town
"Flower Mound town, Texas",2010,63047,53698,1839,4454,1836,5525,121,50,521,1778,8819,0,18,0,0,1727,26232,Denton,Flower Mound town
"Flower Mound town, Texas",2011,64364,54475,2466,4587,1685,5831,60,0,511,1478,9033,0,0,0,0,1527,26232,Denton,Flower Mound town
"Flower Mound town, Texas",2012,65330,55146,2464,4910,1773,5727,112,19,349,1850,9142,0,0,0,0,1755,26232,Denton,Flower Mound town
"Flower Mound town, Texas",2013,66523,56930,2207,5036,1534,5818,146,16,420,2049,9592,0,0,8,0,1921,26232,Denton,Flower Mound town
"Flower Mound town, Texas",2014,67630,56311,2562,6269,1584,5780,165,16,445,2014,9740,0,9,46,0,1976,26232,Denton,Flower Mound town
"Flower Mound town, Texas",2015,68654,56532,2902,6546,1728,6090,150,16,536,1765,9205,2,20,50,25,1709,26232,Denton,Flower Mound town
"Flower Mound town, Texas",2016,69966,57711,2596,6639,2018,6671,208,17,551,1923,8942,8,49,60,32,1628,26232,Denton,Flower Mound town
"Flower Mound town, Texas",2017,71575,58388,2932,6943,2196,6602,219,0,552,1846,8514,8,77,62,32,1498,26232,Denton,Flower Mound town
"Flower Mound town, Texas",2018,73252,58564,2985,7972,2260,7004,181,42,621,1872,8518,8,97,58,30,1493,26232,Denton,Flower Mound town
"Flower Mound town, Texas",2019,76555,60404,3022,8361,2297,8518,98,39,736,2242,8789,9,108,7,34,1714,26232,Denton,Flower Mound town
"Flower Mound town, Texas",2020,78854,61521,3103,8470,3114,9100,94,46,726,2072,8588,0,145,5,0,2028,26232,Denton,Flower Mound town
"Flower Mound town, Texas",2021,75050,56938,2796,9243,3935,8349,55,71,776,1963,8272,0,117,0,0,1976,26232,Denton,Flower Mound town
"Flower Mound town, Texas",2022,76630,56049,2497,10375,5197,8952,88,55,662,1914,8343,0,73,0,0,2129,26232,Denton,Flower Mound town
"Euless city, Texas",2009,52134,33371,6007,3833,1274,9500,12,0,155,1283,5398,0,0,0,0,710,24768,Tarrant,Euless city
"Euless city, Texas",2010,50293,31943,6024,4339,1392,8841,32,0,182,1144,5205,0,30,0,14,860,24768,Tarrant,Euless city
"Euless city, Texas",2011,50993,32199,6384,3788,1536,9801,30,0,212,1228,5318,0,47,0,8,714,24768,Tarrant,Euless city
"Euless city, Texas",2012,51526,32892,6229,4423,1725,9982,30,0,155,1075,5499,0,66,0,9,786,24768,Tarrant,Euless city
"Euless city, Texas",2013,52127,34015,5545,5148,1829,10243,36,21,184,945,5045,0,141,104,8,808,24768,Tarrant,Euless city
"Euless city, Texas",2014,52649,34526,5778,6107,1904,10479,35,11,283,862,4553,0,154,102,15,804,24768,Tarrant,Euless city
"Euless city, Texas",2015,53220,35715,5578,6131,1846,11623,22,14,325,783,4491,0,116,104,0,726,24768,Tarrant,Euless city
"Euless city, Texas",2016,53675,35748,6130,6415,1753,11623,42,15,311,823,4178,0,76,97,0,758,24768,Tarrant,Euless city
"Euless city, Texas",2017,54135,36120,6375,6251,1965,11768,44,16,390,863,4451,0,124,116,0,627,24768,Tarrant,Euless city
"Euless city, Texas",2018,55047,36065,6793,6393,2019,12292,59,0,319,1032,4508,0,178,0,0,600,24768,Tarrant,Euless city
"Euless city, Texas",2019,55763,36404,7208,6462,2207,11865,65,0,250,834,4709,0,173,0,0,577,24768,Tarrant,Euless city
"Euless city, Texas",2020,56334,32357,9662,6874,4279,10152,60,0,180,742,4382,0,173,24,0,469,24768,Tarrant,Euless city
"Euless city, Texas",2021,60134,32226,10015,7459,6744,11556,35,0,344,862,4467,0,157,47,0,523,24768,Tarrant,Euless city
"Euless city, Texas",2022,60360,30525,10184,7799,7665,12079,57,0,291,814,4260,0,127,67,0,521,24768,Tarrant,Euless city
"Bedford city, Texas",2009,48899,39329,3644,2480,810,5399,31,0,235,1368,5833,0,0,0,9,1418,7132,Tarrant,Bedford city
"Bedford city, Texas",2010,46975,37577,3885,2357,870,4795,25,13,239,1343,5773,0,12,0,0,1265,7132,Tarrant,Bedford city
"Bedford city, Texas",2011,47236,38198,3888,2033,802,5105,24,14,242,1066,6174,0,29,0,0,1264,7132,Tarrant,Bedford city
"Bedford city, Texas",2012,47385,38303,3823,1970,936,5586,22,11,369,1000,6262,0,60,0,0,1084,7132,Tarrant,Bedford city
"Bedford city, Texas",2013,47727,39145,3186,1957,1129,5795,19,8,279,1197,6152,0,66,0,0,1082,7132,Tarrant,Bedford city
"Bedford city, Texas",2014,48104,39651,3112,2234,1259,6106,8,17,259,1058,6298,0,75,8,0,1174,7132,Tarrant,Bedford city
"Bedford city, Texas",2015,48559,39889,3593,1926,1217,6308,21,12,253,1058,6584,0,95,8,0,1027,7132,Tarrant,Bedford city
"Bedford city, Texas",2016,48864,39172,4346,2139,1486,6731,26,51,295,1016,6095,0,76,12,0,804,7132,Tarrant,Bedford city
"Bedford city, Texas",2017,49082,38349,5325,2099,1635,6324,26,44,204,1095,6301,0,34,12,0,733,7132,Tarrant,Bedford city
"Bedford city, Texas",2018,49306,37133,5562,2720,1730,6912,28,76,360,1077,6063,0,31,11,0,634,7132,Tarrant,Bedford city
"Bedford city, Texas",2019,49323,36745,5977,2648,1656,6878,24,50,467,1036,5799,0,26,0,0,935,7132,Tarrant,Bedford city
"Bedford city, Texas",2020,49145,34460,6381,3062,2740,7438,21,58,516,956,5712,0,0,0,0,807,7132,Tarrant,Bedford city
"Bedford city, Texas",2021,49576,33509,6477,3082,4532,7886,38,0,587,880,5947,0,0,48,0,710,7132,Tarrant,Bedford city
"Bedford city, Texas",2022,49455,33052,5860,3094,5419,8808,32,0,562,828,5337,0,0,39,0,825,7132,Tarrant,Bedford city
"Wylie city, Texas",2009,34146,26400,3320,1749,824,5467,13,0,70,505,2844,0,32,40,0,463,80356,Collin,Wylie city
"Wylie city, Texas",2010,37079,27508,4111,2699,1003,5354,0,0,91,613,3179,0,23,35,0,538,80356,Collin,Wylie city
"Wylie city, Texas",2011,39120,28708,4495,2876,1214,5589,0,0,75,790,4196,0,21,10,0,354,80356,Collin,Wylie city
"Wylie city, Texas",2012,40793,30107,4560,2840,1472,6361,0,0,89,801,4929,0,0,0,0,241,80356,Collin,Wylie city
"Wylie city, Texas",2013,42384,31788,5102,2363,1515,6963,0,0,237,912,4937,0,36,0,0,317,80356,Collin,Wylie city
"Wylie city, Texas",2014,43531,32370,5560,2231,1513,7285,0,0,212,989,4993,0,27,14,0,258,80356,Collin,Wylie city
"Wylie city, Texas",2015,44461,33117,6018,1635,1763,8032,0,0,240,1335,5225,0,26,13,0,293,80356,Collin,Wylie city
"Wylie city, Texas",2016,45655,34388,6243,2010,1588,8223,43,0,347,1083,4547,0,27,15,0,817,80356,Collin,Wylie city
"Wylie city, Texas",2017,47855,35825,6183,2657,1375,9361,33,0,316,1128,4667,0,25,17,0,780,80356,Collin,Wylie city
"Wylie city, Texas",2018,49248,35772,6095,3546,1879,10053,80,0,211,1092,4667,0,0,22,0,928,80356,Collin,Wylie city
"Wylie city, Texas",2019,49759,35564,5979,4193,2143,10507,86,0,270,1021,4114,0,0,16,0,883,80356,Collin,Wylie city
"Wylie city, Texas",2020,51251,34998,6322,4298,3050,9435,111,0,285,783,3730,0,0,15,0,762,80356,Collin,Wylie city
"Wylie city, Texas",2021,55426,36035,7245,4612,4926,10617,132,0,303,1087,4072,0,0,14,0,702,80356,Collin,Wylie city
"Wylie city, Texas",2022,57063,35019,7559,5638,6667,10261,125,0,270,1261,3285,0,0,11,0,624,80356,Collin,Wylie city
"Conroe city, Texas",2009,52500,39801,6218,1145,551,18884,24,0,146,987,4097,0,108,37,0,673,16432,Dallas,Conroe city
"Conroe city, Texas",2010,53270,42227,5505,1036,639,20016,36,0,136,1098,4407,0,72,33,0,485,16432,Dallas,Conroe city
"Conroe city, Texas",2011,55346,45110,5670,1033,614,21317,91,0,184,988,4793,0,109,35,0,679,16432,Dallas,Conroe city
"Conroe city, Texas",2012,57380,47199,5787,1053,518,23003,87,17,152,894,4741,0,31,45,0,599,16432,Dallas,Conroe city
"Conroe city, Texas",2013,59429,49270,6557,552,775,22428,86,28,103,1093,5773,0,27,76,0,693,16432,Dallas,Conroe city
"Conroe city, Texas",2014,61268,51386,6266,632,778,23072,119,26,185,1009,5726,0,32,113,0,680,16432,Dallas,Conroe city
"Conroe city, Texas",2015,63521,53971,5215,1193,917,23940,88,27,207,940,5655,0,68,120,0,687,16432,Dallas,Conroe city
"Conroe city, Texas",2016,74482,62728,6670,1586,951,24137,37,30,133,1056,5898,0,32,167,0,1285,16432,Dallas,Conroe city
"Conroe city, Texas",2017,77086,64590,6598,1998,1085,25194,41,16,182,966,6057,0,36,160,0,1277,16432,Dallas,Conroe city
"Conroe city, Texas",2018,80893,67900,6326,2094,1153,26638,43,16,305,1067,5572,0,30,115,0,1472,16432,Dallas,Conroe city
"Conroe city, Texas",2019,84358,70006,7081,2601,1240,27321,21,16,335,911,6094,0,51,72,0,1471,16432,Dallas,Conroe city
"Conroe city, Texas",2020,88369,67597,9367,2549,3681,27173,34,14,365,1401,6451,0,35,81,0,1846,16432,Dallas,Conroe city
"Conroe city, Texas",2021,87930,63066,10406,2578,6322,26531,33,11,398,1274,6461,0,102,59,0,1307,16432,Dallas,Conroe city
"Conroe city, Texas",2022,92475,63058,10522,2815,10236,26806,70,0,368,1301,7316,0,64,41,0,1467,16432,Dallas,Conroe city
"The Colony city, Texas",2009,41392,33038,3069,2196,1704,7097,45,0,175,1352,5618,0,12,54,0,1248,72530,Denton,The Colony city
"The Colony city, Texas",2010,34947,27281,2011,2567,1938,7060,25,0,193,1120,4772,0,15,48,0,899,72530,Denton,The Colony city
"The Colony city, Texas",2011,35850,27613,2068,3033,2263,6776,30,0,241,1181,4905,0,15,26,0,834,72530,Denton,The Colony city
"The Colony city, Texas",2012,36718,28709,2143,2947,2251,6730,27,0,282,1282,4958,0,11,0,0,914,72530,Denton,The Colony city
"The Colony city, Texas",2013,37614,29490,2356,2967,1896,6387,0,0,302,1352,4994,0,14,0,0,771,72530,Denton,The Colony city
"The Colony city, Texas",2014,38690,29555,2959,2871,1935,6968,10,0,315,1116,4708,0,0,0,0,637,72530,Denton,The Colony city
"The Colony city, Texas",2015,39736,31196,3370,2313,1228,7452,4,0,342,862,4119,0,0,0,0,686,72530,Denton,The Colony city
"The Colony city, Texas",2016,40757,31844,3862,1702,1339,7842,5,0,307,740,4382,0,0,0,0,758,72530,Denton,The Colony city
"The Colony city, Texas",2017,41388,30891,4642,2193,1388,7953,8,23,287,827,4028,0,11,0,0,610,72530,Denton,The Colony city
"The Colony city, Texas",2018,42215,32399,3976,2139,1602,8830,8,25,302,749,3852,0,10,0,0,848,72530,Denton,The Colony city
"The Colony city, Texas",2019,43005,32712,3815,2302,1953,9389,35,25,308,698,3484,0,13,0,0,746,72530,Denton,The Colony city
"The Colony city, Texas",2020,43791,30455,5004,2813,3342,9046,33,19,305,683,3676,0,104,0,0,814,72530,Denton,The Colony city
"The Colony city, Texas",2021,43489,29489,4841,3320,4203,8523,42,17,258,754,3433,0,118,0,0,822,72530,Denton,The Colony city
"The Colony city, Texas",2022,44323,28369,4618,3628,5504,9377,31,0,248,660,3779,0,103,0,0,820,72530,Denton,The Colony city
"Southlake city, Texas",2009,26054,24078,446,1049,257,930,20,0,226,935,5037,0,9,0,0,895,69032,Tarrant,Southlake city
"Southlake city, Texas",2010,25567,23206,488,1190,391,876,64,0,284,944,4386,0,10,0,0,857,69032,Tarrant,Southlake city
"Southlake city, Texas",2011,26194,23751,346,1395,354,915,161,0,191,860,4167,0,0,12,0,933,69032,Tarrant,Southlake city
"Southlake city, Texas",2012,26454,23687,536,1523,495,1317,153,0,239,746,4377,0,0,13,15,815,69032,Tarrant,Southlake city
"Southlake city, Texas",2013,27006,24082,494,1719,505,1456,119,0,291,720,4575,0,0,12,19,781,69032,Tarrant,Southlake city
"Southlake city, Texas",2014,27755,24296,857,1878,490,1658,138,0,389,698,4240,0,13,11,62,833,69032,Tarrant,Southlake city
"Southlake city, Texas",2015,28361,24608,902,2109,584,1774,77,0,306,804,4123,0,10,10,64,891,69032,Tarrant,Southlake city
"Southlake city, Texas",2016,29101,24770,959,2409,626,1781,25,0,330,973,4337,0,19,0,67,747,69032,Tarrant,Southlake city
"Southlake city, Texas",2017,30090,25197,769,3058,641,1768,66,0,322,1011,4239,0,11,0,46,1032,69032,Tarrant,Southlake city
"Southlake city, Texas",2018,30840,24319,782,4633,739,1597,133,0,414,1088,4145,0,41,0,34,1083,69032,Tarrant,Southlake city
"Southlake city, Texas",2019,31292,24696,539,4967,768,1989,143,0,447,1109,4185,0,39,0,0,1144,69032,Tarrant,Southlake city
"Southlake city, Texas",2020,31684,24195,403,5583,999,2369,124,0,352,859,4598,0,40,41,0,1021,69032,Tarrant,Southlake city
"Southlake city, Texas",2021,30754,23786,245,5326,1183,2159,102,0,341,613,4093,0,37,42,0,974,69032,Tarrant,Southlake city
"Southlake city, Texas",2022,30779,23302,417,5230,1586,2732,72,0,453,627,3727,0,71,41,0,740,69032,Tarrant,Southlake city
"Abilene city, Texas",2009,116168,89019,10104,1826,2623,26541,107,0,594,2434,12659,0,39,190,0,857,1000,Dallas,Abilene city
"Abilene city, Texas",2010,116637,89959,11187,1739,3072,27934,86,0,564,2530,11549,9,71,136,0,913,1000,Dallas,Abilene city
"Abilene city, Texas",2011,117566,94034,11781,1867,3091,28156,81,19,713,2574,11344,12,91,63,0,872,1000,Dallas,Abilene city
"Abilene city, Texas",2012,118484,94497,11821,2026,3105,29348,98,32,727,2383,11160,10,104,72,0,811,1000,Dallas,Abilene city
"Abilene city, Texas",2013,119721,95142,11712,2123,3321,30092,117,35,739,2400,10644,12,136,56,0,933,1000,Dallas,Abilene city
"Abilene city, Texas",2014,120776,95003,12253,2236,3532,30926,84,34,577,2122,10984,12,110,72,0,707,1000,Dallas,Abilene city
"Abilene city, Texas",2015,122226,94243,12648,2300,3589,31721,80,30,648,2187,11252,0,150,70,0,659,1000,Dallas,Abilene city
"Abilene city, Texas",2016,122612,92682,12558,2571,3693,32664,68,18,439,2123,11325,34,109,36,0,842,1000,Dallas,Abilene city
"Abilene city, Texas",2017,122762,89775,12426,2581,4019,32853,70,12,398,2508,10647,39,133,33,0,910,1000,Dallas,Abilene city
"Abilene city, Texas",2018,123676,88558,12820,2949,4057,33033,37,8,435,2644,10776,37,138,54,0,1104,1000,Dallas,Abilene city
"Abilene city, Texas",2019,124156,89658,13161,2820,3860,33024,19,28,475,2548,10699,28,235,43,0,1354,1000,Dallas,Abilene city
"Abilene city, Texas",2020,124691,88614,12819,2952,6786,33840,100,35,665,2314,10522,29,196,31,0,1609,1000,Dallas,Abilene city
"Abilene city, Texas",2021,125474,87678,12791,2745,10491,34715,105,41,785,1958,11020,0,295,81,0,1509,1000,Dallas,Abilene city
"Abilene city, Texas",2022,126356,86031,13160,2891,14957,34917,99,67,582,1797,10723,0,691,114,0,1471,1000,Dallas,Abilene city
"University Park city, Texas",2009,24352,22764,252,906,255,923,0,118,518,1703,3374,0,0,7,0,294,74492,Dallas,University Park city
"University Park city, Texas",2010,22972,21454,245,887,244,859,0,74,466,1611,3128,0,0,5,0,252,74492,Dallas,University Park city
"University Park city, Texas",2011,23076,21528,265,923,255,910,73,77,470,1397,3219,0,0,6,0,257,74492,Dallas,University Park city
"University Park city, Texas",2012,23241,21479,211,1018,375,1001,87,59,462,1494,3017,0,18,5,0,286,74492,Dallas,University Park city
"University Park city, Texas",2013,23460,21904,249,877,328,862,98,10,362,1532,2658,0,28,7,0,364,74492,Dallas,University Park city
"University Park city, Texas",2014,23761,22336,193,723,346,1037,87,0,289,1438,2642,0,23,12,0,428,74492,Dallas,University Park city
"University Park city, Texas",2015,24101,22377,217,1024,307,1311,98,0,331,1535,2474,0,23,10,0,511,74492,Dallas,University Park city
"University Park city, Texas",2016,24346,22372,294,1186,288,1392,18,0,267,1339,2486,0,36,12,0,406,74492,Dallas,University Park city
"University Park city, Texas",2017,24692,22566,281,1381,299,1391,5,0,348,1207,2624,0,23,34,0,354,74492,Dallas,University Park city
"University Park city, Texas",2018,24954,22773,252,1334,424,1396,5,0,272,1215,3039,0,11,21,0,370,74492,Dallas,University Park city
"University Park city, Texas",2019,25036,22104,376,1664,577,1428,6,0,301,1172,2661,0,13,23,0,343,74492,Dallas,University Park city
"University Park city, Texas",2020,25027,21963,468,1414,914,1360,4,0,268,986,2977,0,11,25,0,233,74492,Dallas,University Park city
"University Park city, Texas",2021,25029,21976,280,1162,1311,1554,4,0,276,1103,2802,7,0,25,0,232,74492,Dallas,University Park city
"University Park city, Texas",2022,25179,21830,247,1121,1638,1757,4,0,156,929,2961,6,37,13,0,213,74492,Dallas,University Park city
"Farmers Branch city, Texas",2009,26379,21763,815,816,286,12091,0,0,174,262,1634,0,0,7,0,169,25452,Dallas,Farmers Branch city
"Farmers Branch city, Texas",2010,28161,22765,1180,997,310,12211,0,0,166,273,1811,0,0,0,0,215,25452,Dallas,Farmers Branch city
"Farmers Branch city, Texas",2011,28455,23392,1118,1008,364,12164,0,0,164,282,1862,0,0,12,0,160,25452,Dallas,Farmers Branch city
"Farmers Branch city, Texas",2012,28681,23726,1278,1243,403,11343,32,0,196,319,1836,0,55,11,0,151,25452,Dallas,Farmers Branch city
"Farmers Branch city, Texas",2013,29405,23902,1133,1241,570,11996,28,0,170,383,1810,0,38,10,0,130,25452,Dallas,Farmers Branch city
"Farmers Branch city, Texas",2014,30261,24553,1157,1611,656,12339,43,0,122,426,2233,0,30,9,14,150,25452,Dallas,Farmers Branch city
"Farmers Branch city, Texas",2015,31052,23858,1224,1766,1135,13437,38,0,163,481,2286,0,40,11,18,292,25452,Dallas,Farmers Branch city
"Farmers Branch city, Texas",2016,32211,23174,1386,1833,1418,14683,45,0,230,568,2204,0,44,0,7,311,25452,Dallas,Farmers Branch city
"Farmers Branch city, Texas",2017,33808,23338,1784,2214,1579,15625,23,0,252,571,2135,0,92,0,8,339,25452,Dallas,Farmers Branch city
"Farmers Branch city, Texas",2018,35552,24989,2150,2879,1618,15522,30,0,325,592,2170,0,80,0,4,411,25452,Dallas,Farmers Branch city
"Farmers Branch city, Texas",2019,39039,28004,2244,2925,1819,19170,10,0,283,637,1846,0,93,0,0,396,25452,Dallas,Farmers Branch city
"Farmers Branch city, Texas",2020,42659,30459,2931,3949,2619,19473,10,0,287,551,2023,0,127,0,0,243,25452,Dallas,Farmers Branch city
"Farmers Branch city, Texas",2021,36091,24454,2978,3545,2402,16307,0,0,246,392,2099,0,149,0,0,207,25452,Dallas,Farmers Branch city
"Farmers Branch city, Texas",2022,35985,23281,2997,3857,3165,15945,9,0,303,448,1906,0,11,0,13,199,25452,Dallas,Farmers Branch city
"Eagle Pass city, Texas",2009,25999,17716,23,87,904,24722,0,0,18,0,66,0,0,0,0,0,21892,Dallas,Eagle Pass city
"Eagle Pass city, Texas",2010,25468,19777,70,45,855,24404,0,0,0,0,145,0,0,0,0,0,21892,Dallas,Eagle Pass city
"Eagle Pass city, Texas",2011,25866,21817,85,60,904,24651,0,0,0,16,104,0,0,0,0,3,21892,Dallas,Eagle Pass city
"Eagle Pass city, Texas",2012,26383,23440,90,83,659,25186,0,0,6,13,131,0,0,0,0,2,21892,Dallas,Eagle Pass city
"Eagle Pass city, Texas",2013,26875,24809,84,79,509,25687,0,0,4,21,121,0,0,0,0,4,21892,Dallas,Eagle Pass city
"Eagle Pass city, Texas",2014,27463,25657,54,82,314,26223,0,0,34,17,140,0,0,0,0,0,21892,Dallas,Eagle Pass city
"Eagle Pass city, Texas",2015,27956,25975,61,279,224,26398,0,0,28,24,85,0,0,0,0,31,21892,Dallas,Eagle Pass city
"Eagle Pass city, Texas",2016,28209,25994,98,302,254,26693,20,0,37,8,98,0,26,0,0,35,21892,Dallas,Eagle Pass city
"Eagle Pass city, Texas",2017,28469,26508,124,240,154,27118,24,0,21,12,76,0,43,0,0,43,21892,Dallas,Eagle Pass city
"Eagle Pass city, Texas",2018,29151,27138,136,255,219,27719,36,0,25,26,91,0,64,0,0,31,21892,Dallas,Eagle Pass city
"Eagle Pass city, Texas",2019,29348,27272,213,296,317,27858,15,0,0,0,74,0,90,0,0,40,21892,Dallas,Eagle Pass city
"Eagle Pass city, Texas",2020,29307,25184,197,29,2835,28455,7,0,0,0,100,0,35,0,0,38,21892,Dallas,Eagle Pass city
"Eagle Pass city, Texas",2021,28367,20679,66,54,5673,27442,0,0,0,0,178,0,0,0,0,9,21892,Dallas,Eagle Pass city
"Eagle Pass city, Texas",2022,28166,16112,49,36,9829,27142,0,0,0,23,197,0,0,0,0,16,21892,Dallas,Eagle Pass city
"Del Rio city, Texas",2009,36085,30909,501,245,350,29746,25,0,118,181,773,0,0,0,0,179,19792,Dallas,Del Rio city
"Del Rio city, Texas",2010,35223,30293,468,252,441,29391,0,0,82,141,788,0,0,0,0,135,19792,Dallas,Del Rio city
"Del Rio city, Texas",2011,35396,31218,578,225,297,29560,0,0,68,113,719,0,0,0,0,132,19792,Dallas,Del Rio city
"Del Rio city, Texas",2012,35471,31942,516,186,410,29644,0,0,103,127,793,0,0,0,0,135,19792,Dallas,Del Rio city
"Del Rio city, Texas",2013,35578,32653,418,166,436,29716,0,0,110,146,1179,0,0,0,0,79,19792,Dallas,Del Rio city
"Del Rio city, Texas",2014,36081,33261,371,204,384,30359,0,0,76,140,1290,0,0,0,0,95,19792,Dallas,Del Rio city
"Del Rio city, Texas",2015,36119,33904,340,126,178,30638,0,0,55,151,1217,0,0,0,0,81,19792,Dallas,Del Rio city
"Del Rio city, Texas",2016,36007,33497,563,165,241,30404,0,0,29,140,1127,0,0,0,0,58,19792,Dallas,Del Rio city
"Del Rio city, Texas",2017,35951,33621,548,257,186,30377,0,0,22,119,1076,0,0,0,0,47,19792,Dallas,Del Rio city
"Del Rio city, Texas",2018,35921,33522,538,261,255,30778,0,0,49,100,755,0,0,0,0,86,19792,Dallas,Del Rio city
"Del Rio city, Texas",2019,35846,33529,475,302,242,30769,0,0,40,73,578,0,0,0,0,98,19792,Dallas,Del Rio city
"Del Rio city, Texas",2020,35828,30689,478,280,2468,30772,0,0,53,173,622,0,0,0,0,83,19792,Dallas,Del Rio city
"Del Rio city, Texas",2021,34831,27684,339,176,3854,30290,0,0,43,285,387,0,0,0,0,89,19792,Dallas,Del Rio city
"Del Rio city, Texas",2022,34722,25206,301,134,5389,30225,0,0,66,312,477,0,0,0,0,91,19792,Dallas,Del Rio city
"Cedar Park city, Texas",2009,55115,43966,2696,1988,1422,9127,100,0,450,996,7303,0,127,157,102,1484,13552,Dallas,Cedar Park city
"Cedar Park city, Texas",2010,44887,34385,2807,1942,1621,8126,82,0,188,864,5088,0,125,171,64,968,13552,Dallas,Cedar Park city
"Cedar Park city, Texas",2011,46981,35990,3419,2518,1480,8221,60,0,164,1087,5648,0,114,154,67,1171,13552,Dallas,Cedar Park city
"Cedar Park city, Texas",2012,51664,40782,3245,3221,1433,9053,37,0,191,1265,6495,0,144,80,71,1351,13552,Dallas,Cedar Park city
"Cedar Park city, Texas",2013,54874,44613,2757,3708,1489,9628,61,0,307,1105,6754,0,137,87,7,1383,13552,Dallas,Cedar Park city
"Cedar Park city, Texas",2014,58088,47454,3291,4598,1821,9297,76,0,286,1299,6713,0,136,124,0,1369,13552,Dallas,Cedar Park city
"Cedar Park city, Texas",2015,60841,50221,2650,5159,1709,10847,111,0,374,1374,6892,0,98,111,0,1441,13552,Dallas,Cedar Park city
"Cedar Park city, Texas",2016,63551,51937,2369,5750,2140,11993,114,0,402,1508,6360,0,81,134,0,1217,13552,Dallas,Cedar Park city
"Cedar Park city, Texas",2017,70010,56362,2200,6315,3007,13329,115,0,420,1591,6859,0,77,138,0,1480,13552,Dallas,Cedar Park city
"Cedar Park city, Texas",2018,72415,57990,2057,7052,3132,13640,81,0,447,2202,7242,0,20,140,0,1488,13552,Dallas,Cedar Park city
"Cedar Park city, Texas",2019,74814,60293,2207,7144,3139,15153,82,0,728,2238,8180,0,20,73,0,1620,13552,Dallas,Cedar Park city
"Cedar Park city, Texas",2020,77181,60122,1997,7767,4935,16796,14,0,629,3063,7553,0,0,47,0,1674,13552,Dallas,Cedar Park city
"Cedar Park city, Texas",2021,74741,56230,2530,8107,5607,16247,2,0,604,2730,6785,0,0,10,0,1754,13552,Dallas,Cedar Park city
"Cedar Park city, Texas",2022,76344,53904,2612,9656,7501,15389,0,0,568,2640,7241,0,0,0,0,1869,13552,Dallas,Cedar Park city
"Lancaster city, Texas",2009,34313,8713,22803,59,410,5570,0,0,57,117,1485,0,36,0,0,69,41212,Dallas,Lancaster city
"Lancaster city, Texas",2010,34186,8369,23051,65,277,5754,0,0,66,152,1219,0,34,0,0,80,41212,Dallas,Lancaster city
"Lancaster city, Texas",2011,35187,9490,23222,50,425,6676,0,0,86,203,1093,0,47,0,0,59,41212,Dallas,Lancaster city
"Lancaster city, Texas",2012,36271,10329,23757,40,463,7059,0,0,47,217,1030,0,52,0,0,77,41212,Dallas,Lancaster city
"Lancaster city, Texas",2013,37087,10977,24086,51,649,7460,0,0,38,167,1459,0,16,0,0,62,41212,Dallas,Lancaster city
"Lancaster city, Texas",2014,37731,10896,24695,69,894,7885,0,0,41,156,1050,0,85,0,0,52,41212,Dallas,Lancaster city
"Lancaster city, Texas",2015,38152,10504,25856,54,1063,7365,0,0,26,143,1011,0,83,0,0,38,41212,Dallas,Lancaster city
"Lancaster city, Texas",2016,38426,9946,26509,115,994,7036,0,0,27,77,969,0,87,0,0,56,41212,Dallas,Lancaster city
"Lancaster city, Texas",2017,38871,9795,26735,148,1099,7391,0,0,21,91,986,0,132,0,0,36,41212,Dallas,Lancaster city
"Lancaster city, Texas",2018,39162,9277,26880,225,1232,7607,0,0,27,75,511,0,143,0,0,59,41212,Dallas,Lancaster city
"Lancaster city, Texas",2019,39214,9042,27548,292,888,7181,0,0,38,77,436,0,30,0,0,32,41212,Dallas,Lancaster city
"Lancaster city, Texas",2020,39264,8703,28307,326,945,5802,0,0,67,54,415,0,6,0,0,22,41212,Dallas,Lancaster city
"Lancaster city, Texas",2021,41057,8226,28154,404,3015,8708,0,0,57,34,397,0,32,0,0,12,41212,Dallas,Lancaster city
"Lancaster city, Texas",2022,40958,7508,27660,293,3227,8864,0,0,36,83,504,0,30,0,0,5,41212,Dallas,Lancaster city
"Mansfield city, Texas",2009,42958,33040,5012,1623,1066,7055,10,0,272,1163,4772,0,5,96,0,713,46452,Tarrant,Mansfield city
"Mansfield city, Texas",2010,50941,38236,6348,2214,1624,7718,14,0,159,1052,5204,0,10,82,0,636,46452,Tarrant,Mansfield city
"Mansfield city, Texas",2011,53806,40271,7445,2147,1698,8601,99,0,130,1017,4752,0,8,93,0,656,46452,Tarrant,Mansfield city
"Mansfield city, Texas",2012,55818,41838,7858,2328,1950,8078,71,0,158,1064,5391,0,50,25,0,574,46452,Tarrant,Mansfield city
"Mansfield city, Texas",2013,57529,43292,8081,2291,2251,7996,83,0,184,1233,5168,0,50,23,0,730,46452,Tarrant,Mansfield city
"Mansfield city, Texas",2014,59757,43902,9171,2564,2481,8008,86,0,254,1373,5561,0,57,23,0,757,46452,Tarrant,Mansfield city
"Mansfield city, Texas",2015,61559,44649,9286,3032,2764,8730,72,0,374,1650,4791,0,62,6,0,880,46452,Tarrant,Mansfield city
"Mansfield city, Texas",2016,63141,44917,9907,3196,2673,9541,21,0,381,1730,4789,0,119,35,0,897,46452,Tarrant,Mansfield city
"Mansfield city, Texas",2017,65033,46073,10851,2860,2622,10668,15,0,419,1672,4608,0,82,33,0,865,46452,Tarrant,Mansfield city
"Mansfield city, Texas",2018,67492,46464,12071,2937,2891,12002,83,0,511,1800,4761,0,81,37,0,818,46452,Tarrant,Mansfield city
"Mansfield city, Texas",2019,69557,47266,13025,3165,2796,12678,120,0,440,1835,4389,0,220,38,0,688,46452,Tarrant,Mansfield city
"Mansfield city, Texas",2020,71419,45742,15818,3019,4043,12189,108,0,440,1462,5219,0,180,42,0,543,46452,Tarrant,Mansfield city
"Mansfield city, Texas",2021,71375,44513,16116,2688,5336,12261,247,0,417,1308,5442,0,224,0,0,641,46452,Tarrant,Mansfield city
"Mansfield city, Texas",2022,73680,43622,17190,3377,6672,12400,220,56,407,1314,5439,0,240,0,0,1088,46452,Tarrant,Mansfield city
"Rowlett city, Texas",2009,54899,41708,6595,2597,768,7789,94,0,157,1308,4391,0,7,20,0,494,63572,Dallas,Rowlett city
"Rowlett city, Texas",2010,53788,40021,8012,2508,602,7839,56,0,156,814,3747,0,174,16,0,443,63572,Dallas,Rowlett city
"Rowlett city, Texas",2011,55050,41340,7882,2818,671,8441,13,0,136,910,3776,0,212,0,37,436,63572,Dallas,Rowlett city
"Rowlett city, Texas",2012,55970,41517,8439,3010,1033,9564,0,0,160,970,4411,0,134,0,21,673,63572,Dallas,Rowlett city
"Rowlett city, Texas",2013,56856,41110,8716,3483,1686,10551,0,0,150,899,4356,0,141,0,21,799,63572,Dallas,Rowlett city
"Rowlett city, Texas",2014,57532,41261,8556,4032,1965,11770,0,0,137,909,4433,0,104,0,15,814,63572,Dallas,Rowlett city
"Rowlett city, Texas",2015,58296,41919,8597,4281,2091,12316,33,42,160,1100,4929,0,0,0,15,901,63572,Dallas,Rowlett city
"Rowlett city, Texas",2016,59203,42774,9181,4150,2245,12296,39,42,241,1525,5032,0,0,0,0,983,63572,Dallas,Rowlett city
"Rowlett city, Texas",2017,60357,42867,10025,3995,2329,12470,29,38,296,1449,5055,0,0,0,0,801,63572,Dallas,Rowlett city
"Rowlett city, Texas",2018,62127,43741,10467,4808,1919,11614,32,38,448,1537,5429,0,0,0,0,738,63572,Dallas,Rowlett city
"Rowlett city, Texas",2019,63793,44365,11186,4745,2238,12542,39,26,449,1407,5414,0,78,21,0,902,63572,Dallas,Rowlett city
"Rowlett city, Texas",2020,65426,41461,13340,4386,4641,13028,9,0,349,1191,5781,0,67,10,0,1121,63572,Dallas,Rowlett city
"Rowlett city, Texas",2021,62606,38252,13120,4238,5284,12947,9,0,316,874,5187,0,59,8,0,1308,63572,Dallas,Rowlett city
"Rowlett city, Texas",2022,63291,36718,13906,4491,6091,13599,7,0,260,1068,4787,0,57,16,0,1239,63572,Dallas,Rowlett city
"Rockwall city, Texas",2009,33548,29074,1800,857,317,3647,0,0,236,984,3409,0,0,15,0,639,62828,Rockwall,Rockwall city
"Rockwall city, Texas",2010,35094,29308,1872,609,445,5550,0,0,206,888,3019,0,0,17,0,475,62828,Rockwall,Rockwall city
"Rockwall city, Texas",2011,36581,31027,2039,711,713,5629,0,0,255,751,3409,0,0,24,0,426,62828,Rockwall,Rockwall city
"Rockwall city, Texas",2012,37842,32647,1941,800,1113,6128,0,0,330,752,3491,0,0,51,0,481,62828,Rockwall,Rockwall city
"Rockwall city, Texas",2013,38958,34215,2090,825,1162,6202,24,0,347,1106,3929,0,0,44,0,484,62828,Rockwall,Rockwall city
"Rockwall city, Texas",2014,39948,34654,2241,800,1390,6774,35,0,365,1048,4223,0,0,40,0,332,62828,Rockwall,Rockwall city
"Rockwall city, Texas",2015,40830,35344,2370,1002,1417,6858,40,0,359,1502,4238,0,0,41,0,432,62828,Rockwall,Rockwall city
"Rockwall city, Texas",2016,41672,36572,2117,1207,1159,7148,56,0,411,1612,4703,0,0,44,0,463,62828,Rockwall,Rockwall city
"Rockwall city, Texas",2017,42316,36963,2477,1249,933,6997,56,0,402,1582,4743,0,0,41,0,484,62828,Rockwall,Rockwall city
"Rockwall city, Texas",2018,43157,37342,2675,1226,1116,7808,30,0,374,1130,4527,0,0,0,0,448,62828,Rockwall,Rockwall city
"Rockwall city, Texas",2019,44101,37611,2693,1376,1409,7579,44,0,470,1007,4453,0,0,0,0,462,62828,Rockwall,Rockwall city
"Rockwall city, Texas",2020,45168,36606,3223,1671,1942,7183,364,0,543,1079,4645,0,0,0,0,376,62828,Rockwall,Rockwall city
"Rockwall city, Texas",2021,46150,36424,3547,1827,2441,7209,347,0,405,1120,4727,0,0,0,0,366,62828,Rockwall,Rockwall city
"Rockwall city, Texas",2022,47859,36774,3395,1765,3707,8337,353,17,315,1158,5316,0,0,0,0,682,62828,Rockwall,Rockwall city
